Elapsed,Temp,Latency,Mode
0.0,50.41,0.0,0
1.02,51.78,0.0,0
2.03,52.16,0.0,0
3.05,52.47,0.0,0
4.06,52.34,3346.0,0
5.08,52.81,3346.0,0
6.15,52.81,3346.0,0
7.17,52.72,3340.4,0
8.18,53.0,3340.4,0
9.2,53.09,3340.4,0
10.21,53.06,3372.77,0
11.23,53.28,3372.77,0
12.25,53.91,3372.77,0
13.26,53.69,3372.77,0
14.28,54.0,3433.31,0
15.29,54.09,3433.31,0
16.31,54.09,3433.31,0
17.32,53.81,3392.29,0
18.34,54.31,3392.29,0
19.35,54.31,3392.29,0
20.36,54.5,3392.29,0
21.38,54.38,3920.83,0
22.4,54.84,3920.83,0
23.41,55.06,3920.83,0
24.43,54.22,3409.74,0
25.44,55.25,3409.74,0
26.45,55.31,3409.74,0
27.47,55.38,3409.74,0
28.48,55.28,3403.68,0
29.5,55.91,3403.68,0
30.51,55.78,3403.68,0
31.53,55.84,3504.78,0
32.54,55.91,3504.78,0
33.56,56.0,3504.78,0
34.57,55.34,3343.48,0
35.59,55.88,3343.48,0
36.6,56.41,3343.48,0
37.62,56.31,3343.48,0
38.63,56.47,3368.4,0
39.65,56.66,3368.4,0
40.66,56.59,3368.4,0
41.68,56.19,3487.78,0
42.69,57.25,3487.78,0
43.7,57.09,3487.78,0
44.71,57.28,3424.15,0
45.73,57.38,3424.15,0
46.74,57.19,3424.15,0
47.75,57.44,3424.15,0
48.77,57.5,3540.1,0
49.78,57.78,3540.1,0
50.8,57.75,3540.1,0
51.81,57.38,3458.1,0
52.82,57.72,3458.1,0
53.84,58.09,3458.1,0
54.85,57.94,3458.1,0
55.87,58.25,3346.42,0
56.89,58.28,3346.42,0
57.9,58.22,3346.42,0
58.92,58.06,3367.99,0
59.94,58.44,3367.99,0
60.95,58.53,3367.99,0
61.97,58.53,3444.94,0
62.98,58.59,3444.94,0
64.0,58.97,3444.94,0
65.01,58.88,3444.94,0
66.03,59.22,3439.24,0
67.04,59.25,3439.24,0
68.06,59.25,3439.24,0
69.08,59.03,3400.31,0
70.09,59.25,3400.31,0
71.11,59.34,3400.31,0
72.12,58.88,3419.37,0
73.14,59.66,3419.37,0
74.15,59.66,3419.37,0
75.17,59.59,3419.37,0
76.18,59.78,3447.42,0
77.2,59.72,3447.42,0
78.21,59.84,3447.42,0
79.23,59.75,3692.54,0
80.24,60.09,3692.54,0
81.26,60.22,3692.54,0
82.27,60.19,3692.54,0
83.28,60.5,3511.93,0
84.3,60.44,3511.93,0
85.31,60.88,3511.93,0
86.33,60.41,3416.62,0
87.34,60.56,3416.62,0
88.36,60.59,3416.62,0
89.37,60.25,3336.47,0
90.39,60.75,3336.47,0
91.4,60.84,3336.47,0
92.42,61.12,3336.47,0
93.43,61.06,3338.72,0
94.45,61.22,3338.72,0
95.46,60.97,3338.72,0
96.48,60.88,3754.22,0
97.49,61.31,3754.22,0
98.51,61.53,3754.22,0
99.53,61.56,3754.22,0
100.54,61.5,3454.59,0
101.55,61.53,3454.59,0
102.57,62.06,3454.59,0
103.58,61.66,3380.28,0
104.6,61.91,3380.28,0
105.61,62.0,3380.28,0
106.63,61.62,3358.87,0
107.64,61.91,3358.87,0
108.66,61.94,3358.87,0
109.67,62.28,3358.87,0
110.69,62.19,3432.46,0
111.7,62.44,3432.46,0
112.72,62.38,3432.46,0
113.73,62.12,3388.85,0
114.77,62.56,3388.85,0
115.78,62.59,3388.85,0
116.8,62.5,3416.14,0
117.81,62.97,3416.14,0
118.83,62.72,3416.14,0
119.84,63.09,3052.87,0
120.86,62.91,3541.6,0
121.87,63.09,3541.6,0
122.89,63.09,3011.5,0
123.9,63.19,3422.22,0
124.92,63.22,3422.22,0
125.93,63.34,3404.29,0
126.95,63.38,3216.31,0
127.96,63.56,3216.31,0
128.98,63.38,3202.22,0
129.99,63.34,3202.22,0
131.01,63.62,3678.45,0
132.02,63.66,3678.45,0
133.04,63.91,3317.31,0
134.05,63.69,3244.69,0
135.06,63.75,3244.69,0
136.08,63.81,3143.93,0
137.1,64.06,3105.94,0
138.11,64.09,3105.94,0
139.13,64.06,3476.19,0
140.14,64.16,3476.19,0
141.16,64.16,3628.43,0
142.17,64.16,3628.43,0
143.19,64.66,3631.52,0
144.2,64.34,3631.52,0
145.37,64.41,3735.5,0
146.39,64.47,3012.32,0
147.4,64.53,3012.32,0
148.42,64.56,3422.75,0
149.43,64.84,3631.6,0
150.45,64.62,3631.6,0
151.46,64.69,3445.22,0
152.48,64.81,3445.22,0
153.49,65.19,3606.42,0
154.51,65.03,3063.01,0
155.52,65.09,3063.01,0
156.53,65.06,3269.53,0
157.55,65.09,3172.51,0
158.56,65.28,3172.51,0
159.58,65.22,3172.51,0
160.59,65.25,3250.04,0
161.61,65.38,3250.04,0
162.62,65.38,3250.04,0
163.64,65.41,3189.62,0
164.65,65.91,3371.71,0
165.67,65.47,3371.71,0
166.69,66.0,3074.43,0
167.7,65.81,3243.57,0
168.72,66.03,3243.57,0
169.74,65.97,3409.47,0
170.76,66.0,3334.91,0
171.77,65.78,3334.91,0
172.79,66.34,3372.28,0
173.81,66.0,3133.52,0
174.82,66.31,3133.52,0
175.83,66.0,3112.52,0
176.84,66.09,3112.52,0
177.85,66.19,3561.16,0
178.86,66.22,3561.16,0
179.87,66.41,3534.59,0
180.89,66.41,3449.36,0
181.9,66.56,3449.36,0
182.91,66.5,3116.4,0
183.92,66.62,3116.4,0
184.93,66.69,3349.94,0
185.94,66.88,3144.27,0
186.95,66.91,3144.27,0
187.96,66.94,3770.16,0
188.97,67.06,3257.67,0
189.98,67.03,3257.67,0
190.99,67.12,3257.67,0
192.0,67.03,3415.7,0
193.01,67.03,3286.31,0
194.02,67.28,3286.31,0
195.03,67.0,3440.21,0
196.04,67.41,3469.96,0
197.05,67.22,3469.96,0
198.06,67.47,3469.96,0
199.07,66.78,3242.1,0
200.08,67.75,3242.1,0
201.1,67.81,3242.1,0
202.11,67.56,3291.59,0
203.12,67.44,3291.59,0
204.13,67.78,3291.59,0
205.14,67.81,3291.59,0
206.15,67.72,3402.94,0
207.16,68.12,3402.94,0
208.17,68.09,3402.94,0
209.18,68.12,3222.81,0
210.19,68.09,3222.81,0
211.2,68.06,3222.81,0
212.22,68.12,3272.21,0
213.23,68.31,3272.21,0
214.24,68.22,3272.21,0
215.25,68.28,3407.84,0
216.26,68.56,3309.06,0
217.27,68.53,3309.06,0
218.28,68.53,3309.06,0
219.29,68.16,3279.85,0
220.3,68.41,3279.85,0
221.31,68.44,3279.85,0
222.32,67.97,3428.44,0
223.33,68.62,3428.44,0
224.34,68.88,3428.44,0
225.35,68.62,3428.44,0
226.36,68.75,3402.84,0
227.37,68.72,3402.84,0
228.38,68.94,3402.84,0
229.39,68.81,3424.75,0
230.4,69.25,3424.75,0
231.41,69.19,3424.75,0
232.42,68.81,3436.09,0
233.43,68.91,3436.09,0
234.44,68.97,3436.09,0
235.45,69.03,3436.09,0
236.46,69.16,3391.05,0
237.47,69.09,3391.05,0
238.48,69.41,3391.05,0
239.49,69.06,3384.31,0
240.5,69.38,3384.31,0
241.51,69.41,3384.31,0
242.52,69.28,3502.96,0
243.53,69.25,3502.96,0
244.54,69.56,3502.96,0
245.55,69.62,3502.96,0
246.56,69.62,3534.73,0
247.57,69.66,3534.73,0
248.58,69.94,3534.73,0
249.59,69.28,3360.67,0
250.6,69.66,3360.67,0
251.61,69.81,3360.67,0
252.62,69.72,3360.67,0
253.63,69.84,3341.53,0
254.64,69.88,3341.53,0
255.65,70.03,3341.53,0
256.66,69.69,3521.61,0
257.67,70.0,3521.61,0
258.68,70.06,3521.61,0
259.69,69.66,3354.34,0
260.7,70.28,3354.34,0
261.71,70.19,3354.34,0
262.72,70.47,3354.34,0
263.73,70.25,3412.42,0
264.74,70.53,3412.42,0
265.75,70.53,3412.42,0
266.76,70.16,3351.92,0
267.77,70.62,3351.92,0
268.78,70.47,3351.92,0
269.79,70.12,3304.65,0
270.8,70.41,3304.65,0
271.81,70.84,3304.65,0
272.82,70.44,3309.84,0
273.83,70.97,3333.55,0
274.84,70.72,3333.55,0
275.85,70.78,3333.55,0
276.86,70.56,3315.19,0
277.88,70.75,3315.19,0
278.89,70.81,3315.19,0
279.9,70.22,3355.97,0
280.91,70.94,3355.97,0
281.92,70.88,3355.97,0
282.93,70.88,3378.05,0
283.94,70.97,3378.05,0
284.95,71.16,3378.05,0
285.96,71.06,3378.05,0
286.97,70.97,3360.19,0
287.98,71.06,3360.19,0
289.0,71.03,3360.19,0
290.01,70.53,3362.9,0
291.02,71.12,3362.9,0
292.03,71.25,3362.9,0
293.04,71.03,3349.44,0
294.05,71.28,3349.44,0
295.06,71.34,3349.44,0
296.07,71.53,3349.44,0
297.08,71.25,3424.84,0
298.09,71.59,3424.84,0
299.1,71.66,3424.84,0
300.11,71.06,3469.08,0
301.12,71.62,3469.08,0
302.13,71.88,3469.08,0
303.14,71.47,3346.4,0
304.15,71.94,3321.55,0
305.16,71.78,3321.55,0
306.17,72.09,3321.55,0
307.18,71.56,3334.92,0
308.19,71.75,3334.92,0
309.2,71.91,3334.92,0
310.21,71.25,3435.69,0
311.23,72.16,3435.69,0
312.24,71.88,3435.69,0
313.25,72.22,3435.69,0
314.26,72.06,3465.26,0
315.27,72.16,3465.26,0
316.28,72.31,3465.26,0
317.29,71.66,3404.48,0
318.3,72.09,3404.48,0
319.31,72.03,3404.48,0
320.32,72.03,3404.39,0
321.34,71.97,3404.39,0
322.35,72.44,3404.39,0
323.35,72.09,3404.39,0
324.36,72.53,3375.38,0
325.37,72.19,3375.38,0
326.38,72.44,3375.38,0
327.39,72.22,3343.44,0
328.4,72.41,3343.44,0
329.41,72.47,3343.44,0
330.42,72.22,3334.81,0
331.43,72.44,3334.81,0
332.44,72.66,3334.81,0
333.45,72.31,3350.83,0
334.46,72.59,3288.28,0
335.47,72.47,3288.28,0
336.48,72.84,3288.28,0
337.49,72.41,3433.67,0
338.5,73.0,3433.67,0
339.51,72.66,3433.67,0
340.52,72.62,3501.6,0
341.53,72.72,3501.6,0
342.54,72.81,3501.6,0
343.55,72.81,3501.6,0
344.56,72.81,3444.46,0
345.57,73.03,3444.46,0
346.58,73.12,3444.46,0
347.59,72.81,3317.69,0
348.6,73.09,3317.69,0
349.61,73.12,3317.69,0
350.62,73.12,3340.84,0
351.63,72.75,3340.84,0
352.64,73.12,3340.84,0
353.65,73.22,3340.84,0
354.66,72.97,3884.63,0
355.67,73.16,3884.63,0
356.68,73.25,3884.63,0
357.69,73.25,3884.63,0
358.7,73.28,3389.88,0
359.71,73.38,3389.88,0
360.72,73.53,3389.88,0
361.73,73.47,3384.24,0
362.74,73.62,3384.24,0
363.75,73.84,3384.24,0
364.76,73.12,3331.67,0
365.77,73.47,3331.67,0
366.79,73.56,3331.67,0
367.8,73.53,3331.67,0
368.81,73.69,3721.13,0
369.82,73.75,3721.13,0
370.83,73.97,3721.13,0
371.84,73.16,3438.88,0
372.85,74.0,3438.88,0
373.86,73.59,3438.88,0
374.87,73.75,3438.88,0
375.88,73.62,3422.91,0
376.89,73.59,3422.91,0
377.9,73.56,3422.91,0
378.91,72.91,3492.66,0
379.92,73.09,3492.66,0
380.93,73.12,3492.66,0
381.94,72.91,3492.66,0
382.95,72.78,3645.64,0
383.96,72.59,3645.64,0
384.97,72.62,3645.64,0
385.98,71.84,3433.45,0
386.99,72.22,3433.45,0
388.0,71.88,3433.45,0
389.01,71.31,3341.69,0
390.02,71.56,3341.69,0
391.03,71.38,3341.69,0
392.04,71.16,3341.69,0
393.05,70.78,3395.71,0
394.06,70.88,3395.71,0
395.07,70.81,3395.71,0
396.08,70.16,3491.4,0
397.09,70.62,3491.4,0
398.1,70.41,3491.4,0
399.11,70.16,3394.15,0
400.12,69.91,3394.15,0
401.13,69.91,3394.15,0
402.14,69.62,3394.15,0
403.15,69.66,3462.08,0
404.16,69.62,3462.08,0
405.17,69.16,3462.08,0
406.18,68.56,3310.23,0
407.19,68.88,3310.23,0
408.2,68.81,3310.23,0
409.21,68.62,3342.51,0
410.22,68.62,3380.42,0
411.23,68.75,3380.42,0
412.24,68.81,3380.42,0
413.25,68.81,3359.46,0
414.26,68.97,3359.46,0
415.27,69.28,3359.46,0
416.28,68.44,3415.47,0
417.29,69.16,3415.47,0
418.3,68.94,3415.47,0
419.31,69.44,3415.47,0
420.32,69.06,3470.49,0
421.33,69.25,3470.49,0
422.34,69.38,3470.49,0
423.35,69.12,3408.12,0
424.36,69.44,3408.12,0
425.37,69.56,3408.12,0
426.38,69.25,3384.16,0
427.39,69.72,3384.16,0
428.4,69.62,3384.16,0
429.41,69.81,3384.16,0
430.42,69.53,3354.46,0
431.43,70.0,3354.46,0
432.44,69.81,3354.46,0
433.45,69.62,3422.67,0
434.46,69.84,3422.67,0
435.47,70.38,3422.67,0
436.48,69.88,3391.46,0
437.51,70.47,3391.46,0
438.52,70.34,3391.46,0
439.53,70.12,3391.46,0
440.54,70.25,3378.74,0
441.55,70.19,3378.74,0
442.56,70.5,3378.74,0
443.57,70.22,3788.87,0
444.58,70.59,3825.46,0
445.59,70.38,3825.46,0
446.6,70.78,3825.46,0
447.61,70.44,3368.43,0
448.62,70.59,3368.43,0
449.63,70.75,3368.43,0
450.64,70.31,3383.56,0
451.65,70.72,3383.56,0
452.66,71.0,3383.56,0
453.67,70.88,3383.56,0
454.68,70.88,3388.3,0
455.69,70.88,3388.3,0
456.7,71.06,3388.3,0
457.71,70.94,3339.86,0
458.72,71.16,3339.86,0
459.73,71.03,3339.86,0
460.74,71.31,3614.58,0
461.75,71.0,3614.58,0
462.76,71.06,3614.58,0
463.77,71.06,3614.58,0
464.78,71.09,3669.14,0
465.79,71.34,3669.14,0
466.8,71.59,3669.14,0
467.81,71.03,3266.71,0
468.82,71.53,3266.71,0
469.83,71.44,3266.71,0
470.84,71.62,3427.7,0
471.85,71.53,3312.5,0
472.86,71.78,3312.5,0
473.87,71.62,3312.5,0
474.88,71.78,3363.48,0
475.89,71.78,3363.48,0
476.9,72.09,3363.48,0
477.91,71.22,3406.47,0
478.92,71.78,3406.47,0
479.93,71.81,3406.47,0
480.94,71.97,3406.47,0
481.95,71.91,3448.26,0
482.96,72.0,3448.26,0
483.98,71.94,3448.26,0
484.99,71.81,3456.55,0
486.0,72.19,3456.55,0
487.01,72.22,3456.55,0
488.02,71.94,3376.63,0
489.03,72.34,3376.63,0
490.04,72.19,3376.63,0
491.05,72.69,3376.63,0
492.06,72.38,3563.93,0
493.07,72.69,3563.93,0
494.08,72.62,3563.93,0
495.09,71.97,3280.01,0
496.1,72.69,3280.01,0
497.11,72.59,3280.01,0
498.12,72.5,3355.69,0
499.13,72.56,3355.69,0
500.14,72.66,3355.69,0
501.15,72.59,3355.69,0
502.16,72.59,3368.23,0
503.17,72.62,3368.23,0
504.18,72.72,3368.23,0
505.19,72.31,3491.73,0
506.2,72.69,3491.73,0
507.21,72.91,3491.73,0
508.22,72.81,3491.73,0
509.23,73.03,3396.93,0
510.24,72.75,3396.93,0
511.25,72.78,3396.93,0
512.26,72.59,3359.01,0
513.27,72.78,3359.01,0
514.28,73.06,3359.01,0
515.29,72.47,3382.41,0
516.3,72.91,3382.41,0
517.31,72.88,3382.41,0
518.32,72.94,3382.41,0
519.33,72.84,3442.57,0
520.34,73.09,3442.57,0
521.35,73.0,3442.57,0
522.36,72.66,3427.6,0
523.37,73.0,3427.6,0
524.38,73.19,3427.6,0
525.39,73.28,3427.6,0
526.4,73.19,3784.44,0
527.41,73.38,3784.44,0
528.42,73.47,3784.44,0
529.43,72.94,3460.36,0
530.44,73.47,3460.36,0
531.45,73.69,3460.36,0
532.47,73.44,3460.36,0
533.48,73.56,3456.01,0
534.49,73.53,3456.01,0
535.5,73.78,3456.01,0
536.51,73.28,3333.43,0
537.52,73.78,3333.43,0
538.53,73.75,3333.43,0
539.54,73.25,3366.02,0
540.55,73.75,3366.02,0
541.56,73.72,3366.02,0
542.57,73.78,3366.02,0
543.58,73.75,3389.61,0
544.59,74.12,3389.61,0
545.6,73.84,3389.61,0
546.62,73.81,3383.99,0
547.63,73.75,3383.99,0
548.64,73.78,3383.99,0
549.65,72.91,3341.46,0
550.66,73.47,3341.46,0
551.67,72.94,3341.46,0
552.68,72.78,3341.46,0
553.69,72.78,3358.76,0
554.7,72.78,3358.76,0
555.71,72.84,3358.76,0
556.72,72.53,3341.0,0
557.74,73.06,3341.0,0
558.75,72.94,3341.0,0
559.76,72.84,3423.26,0
560.77,73.16,3423.26,0
561.78,73.0,3423.26,0
562.79,73.25,3423.26,0
563.8,72.84,3447.08,0
564.81,73.0,3447.08,0
565.82,73.12,3447.08,0
566.83,72.72,3389.21,0
567.84,73.09,3389.21,0
568.85,73.31,3389.21,0
569.86,73.41,3389.21,0
570.87,73.34,3672.53,0
571.88,73.53,3672.53,0
572.89,73.44,3672.53,0
573.9,72.75,3371.32,0
574.91,73.59,3371.32,0
575.92,73.66,3371.32,0
576.93,73.62,3412.57,0
577.94,73.56,3412.57,0
578.95,73.78,3412.57,0
579.96,73.69,3412.57,0
580.97,73.62,3402.87,0
581.99,73.69,3402.87,0
583.0,73.47,3402.87,0
584.01,72.81,3383.49,0
585.02,73.12,3383.49,0
586.03,73.19,3383.49,0
587.04,72.88,3383.49,0
588.05,72.75,3632.41,0
589.06,72.59,3632.41,0
590.07,72.59,3632.41,0
591.08,71.94,3368.63,0
592.1,72.03,3368.63,0
593.11,72.12,3368.63,0
594.12,71.84,3370.32,0
595.13,72.25,3370.32,0
596.14,72.44,3370.32,0
597.15,72.38,3370.32,0
598.16,72.16,3433.4,0
599.17,72.44,3433.4,0
600.18,72.44,3433.4,0
601.2,71.72,3433.25,0
602.21,71.91,3433.25,0
603.22,71.66,3433.25,0
604.23,71.16,3433.25,0
605.24,71.0,3634.25,0
606.25,70.88,3634.25,0
607.26,70.72,3634.25,0
608.27,70.28,3383.51,0
609.28,70.34,3383.51,0
610.29,70.28,3383.51,0
611.3,69.78,3346.65,0
612.31,69.88,3346.65,0
613.33,69.78,3346.65,0
614.34,69.69,3346.65,0
615.35,69.44,3394.52,0
616.36,69.41,3394.52,0
617.37,69.19,3394.52,0
618.38,69.09,3492.79,0
619.39,69.25,3492.79,0
620.4,69.0,3492.79,0
621.41,68.31,3229.16,0
622.42,68.62,3229.16,0
623.43,68.41,3229.16,0
624.44,68.5,3229.16,0
625.45,67.97,3465.89,0
626.46,68.25,3465.89,0
627.47,67.91,3465.89,0
628.48,67.56,3461.39,0
629.49,67.75,3461.39,0
630.5,67.59,3461.39,0
631.51,67.41,3403.43,0
632.52,67.16,3416.38,0
633.53,67.19,3416.38,0
634.54,67.25,3416.38,0
635.55,66.53,3806.76,0
636.56,66.81,3806.76,0
637.57,66.91,3806.76,0
638.58,66.94,3806.76,0
639.59,66.56,3795.49,0
640.6,66.66,3795.49,0
641.61,66.53,3795.49,0
642.62,66.25,3344.07,0
643.63,66.34,3344.07,0
644.64,66.5,3344.07,0
645.65,66.03,3344.07,0
646.66,65.72,3350.34,0
647.67,65.97,3350.34,0
648.68,65.56,3350.34,0
649.69,65.5,3340.08,0
650.7,65.59,3340.08,0
651.72,65.81,3340.08,0
652.73,64.75,3335.94,0
653.74,65.47,3335.94,0
654.75,65.12,3335.94,0
655.76,65.06,3335.94,0
656.77,64.88,3375.37,0
657.78,65.0,3375.37,0
658.79,64.88,3375.37,0
659.8,64.69,3372.17,0
660.81,64.62,3372.17,0
661.82,64.75,3372.17,0
662.83,64.09,3384.75,0
663.84,64.47,3384.75,0
664.85,64.28,3384.75,0
665.86,64.47,3384.75,0
666.87,64.03,3505.2,0
667.88,64.44,3505.2,0
668.89,64.09,3505.2,0
669.9,63.38,3424.8,0
670.91,63.69,3424.8,0
671.92,63.75,3424.8,0
672.93,63.34,3391.72,0
673.94,63.66,3391.72,0
674.95,63.5,3391.72,0
675.96,63.59,3391.72,0
676.97,63.31,3385.14,0
677.98,63.47,3385.14,0
678.99,63.09,3385.14,0
680.0,62.78,3350.08,0
681.01,63.06,3350.08,0
682.02,63.25,3350.08,0
683.03,62.69,3416.29,0
684.04,63.12,3416.29,0
685.05,62.84,3416.29,0
686.06,62.78,3416.29,0
687.07,62.31,3350.13,0
688.08,62.5,3350.13,0
689.09,62.34,3350.13,0
690.1,61.84,3416.12,0
691.11,62.62,3416.12,0
692.12,62.44,3416.12,0
693.13,62.12,3416.12,0
694.14,62.28,3427.6,0
695.15,62.12,3427.6,0
696.16,62.28,3427.6,0
697.17,61.38,3543.89,0
698.18,62.06,3543.89,0
699.19,61.69,3543.89,0
700.2,61.62,3402.3,0
701.21,61.66,3402.3,0
702.22,61.84,3402.3,0
703.23,61.66,3402.3,0
704.24,61.59,3385.35,0
705.25,61.47,3385.35,0
706.26,61.62,3385.35,0
707.27,60.72,3405.66,0
708.28,61.34,3405.66,0
709.29,61.22,3405.66,0
710.3,61.22,3331.89,0
711.31,61.12,3415.0,0
712.32,61.22,3415.0,0
713.33,61.12,3415.0,0
714.34,61.12,3442.26,0
715.35,60.78,3442.26,0
716.36,61.16,3442.26,0
717.37,60.56,3323.21,0
718.38,60.66,3323.21,0
719.39,60.62,3323.21,0
720.4,60.69,3094.75,0
721.41,60.44,3455.97,0
722.42,60.66,3455.97,0
723.43,60.72,2973.08,0
724.44,60.47,3539.79,0
725.46,60.72,3539.79,0
726.47,60.19,3376.86,0
727.48,60.22,3270.24,0
728.49,60.22,3270.24,0
729.5,60.09,3130.03,0
730.51,60.19,3130.03,0
731.52,60.19,3253.18,0
732.53,60.06,3253.18,0
733.54,59.88,3198.11,0
734.55,59.91,3286.08,0
735.56,60.03,3286.08,0
736.57,59.72,3677.29,0
737.58,59.81,3204.3,0
738.59,59.84,3204.3,0
739.6,60.03,3204.3,0
740.61,59.59,3348.35,0
741.62,59.94,3348.35,0
742.63,59.53,3348.35,0
743.64,59.44,3280.24,0
744.65,59.56,3419.04,0
745.66,59.41,3419.04,0
746.67,59.69,3307.73,0
747.68,59.22,3154.77,0
748.69,59.28,3154.77,0
749.7,59.16,3154.77,0
750.71,59.09,3298.4,0
751.72,59.09,3298.4,0
752.73,59.19,3298.4,0
753.74,58.62,3247.6,0
754.75,59.12,3247.6,0
755.76,59.31,3247.6,0
756.77,58.97,3297.1,0
757.78,59.25,3261.25,0
758.79,59.03,3261.25,0
759.8,58.59,3155.76,0
760.81,59.0,3395.71,0
761.82,58.75,3395.71,0
762.83,58.94,3395.71,0
763.84,58.41,3198.04,0
764.85,58.91,3198.04,0
765.86,58.59,3198.04,0
766.87,58.25,3357.12,0
767.91,58.69,3357.12,0
768.92,58.5,3357.12,0
769.93,58.44,3301.89,0
770.94,58.41,3327.44,0
771.95,58.66,3327.44,0
772.96,58.47,3327.44,0
773.97,58.44,3364.28,0
774.98,58.41,3364.28,0
775.99,58.69,3364.28,0
777.0,57.56,3271.95,0
778.01,58.22,3271.95,0
779.02,58.25,3271.95,0
780.03,58.03,3271.95,0
781.04,58.0,3345.13,0
782.05,57.97,3345.13,0
783.06,58.12,3345.13,0
784.07,58.0,3378.45,0
785.08,58.12,3378.45,0
786.09,58.31,3378.45,0
787.1,57.53,3375.08,0
788.11,58.19,3375.08,0
789.12,58.12,3375.08,0
790.13,58.19,3375.08,0
791.14,57.84,3356.42,0
792.15,58.22,3356.42,0
793.16,57.91,3356.42,0
794.17,57.19,3534.34,0
795.18,57.78,3534.34,0
796.19,57.75,3534.34,0
797.21,58.03,3510.66,0
798.22,57.81,3510.66,0
799.23,58.09,3510.66,0
800.24,57.78,3510.66,0
801.26,57.62,3519.38,0
802.27,57.66,3519.38,0
803.28,57.69,3519.38,0
804.29,57.47,3483.0,0
805.3,57.5,3483.0,0
806.32,57.78,3483.0,0
807.33,57.69,3483.0,0
808.35,57.28,3554.69,0
809.36,57.62,3554.69,0
810.37,57.81,3554.69,0
811.38,56.97,3440.39,0
812.39,57.81,3440.39,0
813.41,57.69,3440.39,0
814.42,57.56,3440.39,0
815.43,57.59,3544.92,0
816.44,57.53,3544.92,0
817.45,57.41,3544.92,0
818.47,57.25,3733.46,0
819.49,57.53,3733.46,0
820.5,57.28,3733.46,0
821.51,57.5,3733.46,0
822.52,57.28,3488.93,0
823.53,57.28,3488.93,0
824.55,57.25,3488.93,0
825.56,56.78,3443.73,0
826.57,57.03,3443.73,0
827.58,57.09,3443.73,0
828.59,57.0,3443.73,0
829.6,56.81,3416.55,0
830.61,57.0,3416.55,0
831.62,57.16,3416.55,0
832.64,56.81,3401.28,0
833.65,57.0,3401.28,0
834.66,57.38,3401.28,0
835.67,56.31,3282.49,0
836.68,56.69,3282.49,0
837.69,57.09,3282.49,0
838.7,56.75,3282.49,0
839.71,56.59,3520.34,0
840.72,56.72,3520.34,0
841.73,56.75,3520.34,0
842.74,56.16,3401.03,0
843.75,56.5,3401.03,0
844.76,56.75,3401.03,0
845.77,56.44,3367.0,0
846.78,56.62,3367.0,0
847.8,56.59,3367.0,0
848.81,56.81,3367.0,0
849.82,56.53,3346.16,0
850.83,56.84,3346.16,0
851.84,56.59,3346.16,0
852.86,56.25,3399.16,0
853.87,56.59,3399.16,0
854.88,56.38,3399.16,0
855.89,56.56,3406.61,0
856.9,56.44,3406.61,0
857.91,56.94,3406.61,0
858.92,56.34,3406.61,0
859.93,56.53,3250.83,0
860.94,56.38,3250.83,0
861.95,56.34,3250.83,0
862.96,55.53,3463.36,0
863.97,56.47,3463.36,0
864.98,56.81,3463.36,0
865.99,56.47,3463.36,0
867.0,56.53,3439.31,0
868.01,56.31,3439.31,0
869.02,56.22,3439.31,0
870.03,56.25,3371.78,0
871.04,55.94,3371.78,0
872.05,56.31,3371.78,0
873.06,55.94,3371.78,0
874.07,55.78,4201.43,0
875.08,55.94,4201.43,0
876.09,56.34,4201.43,0
877.1,55.78,3376.16,0
878.11,56.03,3376.16,0
879.12,56.28,3376.16,0
880.13,55.91,3376.16,0
881.14,55.97,3334.99,0
882.15,55.97,3334.99,0
883.16,56.16,3334.99,0
884.17,55.34,3511.64,0
885.19,56.03,3511.64,0
886.19,55.97,3511.64,0
887.2,55.84,3326.27,0
888.21,56.0,3326.27,0
889.22,56.09,3326.27,0
890.23,56.31,3326.27,0
891.24,55.78,3400.53,0
892.25,56.12,3400.53,0
893.26,55.84,3400.53,0
894.27,55.25,3424.69,0
895.28,55.84,3424.69,0
896.29,55.91,3424.69,0
897.3,55.81,3374.56,0
898.31,55.84,3418.33,0
899.32,55.72,3418.33,0
900.33,55.88,3418.33,0
901.34,55.62,3347.68,0
902.35,55.91,3347.68,0
903.36,55.66,3347.68,0
904.37,55.44,3329.2,0
905.38,55.75,3329.2,0
906.39,56.03,3329.2,0
907.4,55.47,3315.18,0
908.41,56.16,3315.18,0
909.42,55.78,3315.18,0
910.43,55.75,3315.18,0
911.44,55.56,3381.35,0
912.45,55.72,3381.35,0
913.46,55.62,3381.35,0
914.47,55.22,3360.04,0
915.48,55.91,3360.04,0
916.49,55.72,3360.04,0
917.5,55.25,3361.24,0
918.51,55.75,3361.24,0
919.52,55.62,3361.24,0
920.53,55.81,3361.24,0
921.54,55.38,3357.3,0
922.55,55.66,3357.3,0
923.56,55.47,3357.3,0
924.57,55.19,3390.14,0
925.58,55.47,3390.14,0
926.59,55.41,3390.14,0
927.6,55.22,3390.14,0
928.61,55.34,3820.2,0
929.62,55.66,3820.2,0
930.63,55.5,3820.2,0
931.64,54.59,3348.4,0
932.65,55.5,3348.4,0
933.66,55.34,3348.4,0
934.67,55.31,3348.4,0
935.68,55.19,3383.89,0
936.69,55.34,3383.89,0
937.7,55.53,3383.89,0
938.71,55.12,3423.11,0
939.72,55.59,3423.11,0
940.73,55.5,3423.11,0
941.74,54.56,3350.64,0
942.75,55.5,3350.64,0
943.76,55.19,3350.64,0
944.77,55.47,3259.65,0
945.78,55.69,3354.37,0
946.79,55.66,3354.37,0
947.8,55.41,3354.37,0
948.81,55.25,3414.38,0
949.82,55.16,3414.38,0
950.83,55.44,3414.38,0
951.84,54.72,3474.17,0
952.85,55.38,3474.17,0
953.86,55.28,3474.17,0
954.87,55.25,3352.21,0
955.89,55.34,3410.52,0
956.9,55.19,3410.52,0
957.91,55.44,3410.52,0
958.92,55.12,3441.79,0
959.93,55.5,3441.79,0
960.94,55.31,3441.79,0
961.95,55.5,3441.79,0
962.96,55.19,3732.43,0
963.97,55.47,3732.43,0
964.98,55.16,3732.43,0
965.99,54.81,3420.09,0
967.0,55.09,3420.09,0
968.01,55.16,3420.09,0
969.02,54.66,3341.14,0
970.03,55.06,3341.14,0
971.04,55.03,3341.14,0
972.05,55.25,3341.14,0
973.06,54.88,3660.91,0
974.07,55.34,3660.91,0
975.08,54.97,3660.91,0
976.09,54.62,3428.58,0
977.1,54.88,3428.58,0
978.11,55.25,3428.58,0
979.12,55.06,3428.58,0
980.13,55.34,3399.84,0
981.14,54.97,3399.84,0
982.15,55.22,3399.84,0
983.16,54.88,3330.02,0
984.17,55.09,3330.02,0
985.18,55.03,3330.02,0
986.19,55.03,3330.02,0
987.2,55.0,3873.24,0
988.21,55.19,3873.24,0
989.22,55.0,3873.24,0
990.23,55.0,3277.26,0
991.24,54.88,3277.26,0
992.27,55.25,3277.26,0
993.28,54.62,3340.33,0
994.29,55.19,3340.33,0
995.3,55.09,3340.33,0
996.31,55.16,3302.96,0
997.32,55.09,3356.54,0
998.33,54.91,3356.54,0
999.34,54.88,3356.54,0
